{
  "project_info": {
    "project_number": "1023934601367",
    "project_id": "events-9d360",
    "storage_bucket": "events-9d360.appspot.com"
  },
  "client": [
    {
      "client_info": {
        "mobilesdk_app_id": "1:1023934601367:android:967726ae1d6509fcea71d2",
        "android_client_info": {
          "package_name": "com.sop.events_demo"
        }
      },
      "oauth_client": [
        {
          "client_id": "1023934601367-prcuc6ar5eaa0nurprsu4tidd0l5hgad.apps.googleusercontent.com",
          "client_type": 3
        }
      ],
      "api_key": [
        {
          "current_key": "AIzaSyDic12bcSl9qU5979NiN08cgc5oEymorzU"
        }
      ],
      "services": {
        "appinvite_service": {
          "other_platform_oauth_client": [
            {
              "client_id": "1023934601367-prcuc6ar5eaa0nurprsu4tidd0l5hgad.apps.googleusercontent.com",
              "client_type": 3
            }
          ]
        }
      }
    }
  ],
  "configuration_version": "1"
}